{
  "context": {
    "projectPath": "C:/Users/lenovo/Downloads/tes-happy-car.apk (Unzipped Files)-20241222T144651Z-001/tes-happy-car.apk (Unzipped Files)/Packages",
    "unityVersion": "6000.0.32f1"
  },
  "inputs": [
    "C:\\Users\\lenovo\\Downloads\\tes-happy-car.apk (Unzipped Files)-20241222T144651Z-001\\tes-happy-car.apk (Unzipped Files)\\Packages\\manifest.json",
    "C:\\Users\\lenovo\\Downloads\\tes-happy-car.apk (Unzipped Files)-20241222T144651Z-001\\tes-happy-car.apk (Unzipped Files)\\Packages\\packages-lock.json"
  ],
  "outputs": {
    "com.unity.multiplayer.center@1.0.0": {
      "name": "com.unity.multiplayer.center",
      "resolvedPath": "C:\\Users\\lenovo\\Downloads\\tes-happy-car.apk (Unzipped Files)-20241222T144651Z-001\\tes-happy-car.apk (Unzipped Files)\\Library\\PackageCache\\com.unity.multiplayer.center",
      "fingerprint": "f502d8ac613fa076192423e73892fbd89eb4049b",
      "editorCompatibility": "6000.0.0a1",
      "version": "1.0.0",
      "source": "builtin"
    },
    "com.unity.modules.accessibility@1.0.0": {
      "name": "com.unity.modules.accessibility",
      "resolvedPath": "C:\\Users\\lenovo\\Downloads\\tes-happy-car.apk (Unzipped Files)-20241222T144651Z-001\\tes-happy-car.apk (Unzipped Files)\\Library\\PackageCache\\com.unity.modules.accessibility",
      "version": "1.0.0",
      "source": "builtin"
    },
    "com.unity.modules.ai@1.0.0": {
      "name": "com.unity.modules.ai",
      "resolvedPath": "C:\\Users\\lenovo\\Downloads\\tes-happy-car.apk (Unzipped Files)-20241222T144651Z-001\\tes-happy-car.apk (Unzipped Files)\\Library\\PackageCache\\com.unity.modules.ai",
      "version": "1.0.0",
      "source": "builtin"
    },
    "com.unity.modules.androidjni@1.0.0": {
      "name": "com.unity.modules.androidjni",
      "resolvedPath": "C:\\Users\\lenovo\\Downloads\\tes-happy-car.apk (Unzipped Files)-20241222T144651Z-001\\tes-happy-car.apk (Unzipped Files)\\Library\\PackageCache\\com.unity.modules.androidjni",
      "version": "1.0.0",
      "source": "builtin"
    },
    "com.unity.modules.animation@1.0.0": {
      "name": "com.unity.modules.animation",
      "resolvedPath": "C:\\Users\\lenovo\\Downloads\\tes-happy-car.apk (Unzipped Files)-20241222T144651Z-001\\tes-happy-car.apk (Unzipped Files)\\Library\\PackageCache\\com.unity.modules.animation",
      "version": "1.0.0",
      "source": "builtin"
    },
    "com.unity.modules.assetbundle@1.0.0": {
      "name": "com.unity.modules.assetbundle",
      "resolvedPath": "C:\\Users\\lenovo\\Downloads\\tes-happy-car.apk (Unzipped Files)-20241222T144651Z-001\\tes-happy-car.apk (Unzipped Files)\\Library\\PackageCache\\com.unity.modules.assetbundle",
      "version": "1.0.0",
      "source": "builtin"
    },
    "com.unity.modules.audio@1.0.0": {
      "name": "com.unity.modules.audio",
      "resolvedPath": "C:\\Users\\lenovo\\Downloads\\tes-happy-car.apk (Unzipped Files)-20241222T144651Z-001\\tes-happy-car.apk (Unzipped Files)\\Library\\PackageCache\\com.unity.modules.audio",
      "version": "1.0.0",
      "source": "builtin"
    },
    "com.unity.modules.cloth@1.0.0": {
      "name": "com.unity.modules.cloth",
      "resolvedPath": "C:\\Users\\lenovo\\Downloads\\tes-happy-car.apk (Unzipped Files)-20241222T144651Z-001\\tes-happy-car.apk (Unzipped Files)\\Library\\PackageCache\\com.unity.modules.cloth",
      "version": "1.0.0",
      "source": "builtin"
    },
    "com.unity.modules.director@1.0.0": {
      "name": "com.unity.modules.director",
      "resolvedPath": "C:\\Users\\lenovo\\Downloads\\tes-happy-car.apk (Unzipped Files)-20241222T144651Z-001\\tes-happy-car.apk (Unzipped Files)\\Library\\PackageCache\\com.unity.modules.director",
      "version": "1.0.0",
      "source": "builtin"
    },
    "com.unity.modules.imageconversion@1.0.0": {
      "name": "com.unity.modules.imageconversion",
      "resolvedPath": "C:\\Users\\lenovo\\Downloads\\tes-happy-car.apk (Unzipped Files)-20241222T144651Z-001\\tes-happy-car.apk (Unzipped Files)\\Library\\PackageCache\\com.unity.modules.imageconversion",
      "version": "1.0.0",
      "source": "builtin"
    },
    "com.unity.modules.imgui@1.0.0": {
      "name": "com.unity.modules.imgui",
      "resolvedPath": "C:\\Users\\lenovo\\Downloads\\tes-happy-car.apk (Unzipped Files)-20241222T144651Z-001\\tes-happy-car.apk (Unzipped Files)\\Library\\PackageCache\\com.unity.modules.imgui",
      "version": "1.0.0",
      "source": "builtin"
    },
    "com.unity.modules.jsonserialize@1.0.0": {
      "name": "com.unity.modules.jsonserialize",
      "resolvedPath": "C:\\Users\\lenovo\\Downloads\\tes-happy-car.apk (Unzipped Files)-20241222T144651Z-001\\tes-happy-car.apk (Unzipped Files)\\Library\\PackageCache\\com.unity.modules.jsonserialize",
      "version": "1.0.0",
      "source": "builtin"
    },
    "com.unity.modules.particlesystem@1.0.0": {
      "name": "com.unity.modules.particlesystem",
      "resolvedPath": "C:\\Users\\lenovo\\Downloads\\tes-happy-car.apk (Unzipped Files)-20241222T144651Z-001\\tes-happy-car.apk (Unzipped Files)\\Library\\PackageCache\\com.unity.modules.particlesystem",
      "version": "1.0.0",
      "source": "builtin"
    },
    "com.unity.modules.physics@1.0.0": {
      "name": "com.unity.modules.physics",
      "resolvedPath": "C:\\Users\\lenovo\\Downloads\\tes-happy-car.apk (Unzipped Files)-20241222T144651Z-001\\tes-happy-car.apk (Unzipped Files)\\Library\\PackageCache\\com.unity.modules.physics",
      "version": "1.0.0",
      "source": "builtin"
    },
    "com.unity.modules.physics2d@1.0.0": {
      "name": "com.unity.modules.physics2d",
      "resolvedPath": "C:\\Users\\lenovo\\Downloads\\tes-happy-car.apk (Unzipped Files)-20241222T144651Z-001\\tes-happy-car.apk (Unzipped Files)\\Library\\PackageCache\\com.unity.modules.physics2d",
      "version": "1.0.0",
      "source": "builtin"
    },
    "com.unity.modules.screencapture@1.0.0": {
      "name": "com.unity.modules.screencapture",
      "resolvedPath": "C:\\Users\\lenovo\\Downloads\\tes-happy-car.apk (Unzipped Files)-20241222T144651Z-001\\tes-happy-car.apk (Unzipped Files)\\Library\\PackageCache\\com.unity.modules.screencapture",
      "version": "1.0.0",
      "source": "builtin"
    },
    "com.unity.modules.terrain@1.0.0": {
      "name": "com.unity.modules.terrain",
      "resolvedPath": "C:\\Users\\lenovo\\Downloads\\tes-happy-car.apk (Unzipped Files)-20241222T144651Z-001\\tes-happy-car.apk (Unzipped Files)\\Library\\PackageCache\\com.unity.modules.terrain",
      "version": "1.0.0",
      "source": "builtin"
    },
    "com.unity.modules.terrainphysics@1.0.0": {
      "name": "com.unity.modules.terrainphysics",
      "resolvedPath": "C:\\Users\\lenovo\\Downloads\\tes-happy-car.apk (Unzipped Files)-20241222T144651Z-001\\tes-happy-car.apk (Unzipped Files)\\Library\\PackageCache\\com.unity.modules.terrainphysics",
      "version": "1.0.0",
      "source": "builtin"
    },
    "com.unity.modules.tilemap@1.0.0": {
      "name": "com.unity.modules.tilemap",
      "resolvedPath": "C:\\Users\\lenovo\\Downloads\\tes-happy-car.apk (Unzipped Files)-20241222T144651Z-001\\tes-happy-car.apk (Unzipped Files)\\Library\\PackageCache\\com.unity.modules.tilemap",
      "version": "1.0.0",
      "source": "builtin"
    },
    "com.unity.modules.ui@1.0.0": {
      "name": "com.unity.modules.ui",
      "resolvedPath": "C:\\Users\\lenovo\\Downloads\\tes-happy-car.apk (Unzipped Files)-20241222T144651Z-001\\tes-happy-car.apk (Unzipped Files)\\Library\\PackageCache\\com.unity.modules.ui",
      "version": "1.0.0",
      "source": "builtin"
    },
    "com.unity.modules.uielements@1.0.0": {
      "name": "com.unity.modules.uielements",
      "resolvedPath": "C:\\Users\\lenovo\\Downloads\\tes-happy-car.apk (Unzipped Files)-20241222T144651Z-001\\tes-happy-car.apk (Unzipped Files)\\Library\\PackageCache\\com.unity.modules.uielements",
      "version": "1.0.0",
      "source": "builtin"
    },
    "com.unity.modules.umbra@1.0.0": {
      "name": "com.unity.modules.umbra",
      "resolvedPath": "C:\\Users\\lenovo\\Downloads\\tes-happy-car.apk (Unzipped Files)-20241222T144651Z-001\\tes-happy-car.apk (Unzipped Files)\\Library\\PackageCache\\com.unity.modules.umbra",
      "version": "1.0.0",
      "source": "builtin"
    },
    "com.unity.modules.unityanalytics@1.0.0": {
      "name": "com.unity.modules.unityanalytics",
      "resolvedPath": "C:\\Users\\lenovo\\Downloads\\tes-happy-car.apk (Unzipped Files)-20241222T144651Z-001\\tes-happy-car.apk (Unzipped Files)\\Library\\PackageCache\\com.unity.modules.unityanalytics",
      "version": "1.0.0",
      "source": "builtin"
    },
    "com.unity.modules.unitywebrequest@1.0.0": {
      "name": "com.unity.modules.unitywebrequest",
      "resolvedPath": "C:\\Users\\lenovo\\Downloads\\tes-happy-car.apk (Unzipped Files)-20241222T144651Z-001\\tes-happy-car.apk (Unzipped Files)\\Library\\PackageCache\\com.unity.modules.unitywebrequest",
      "version": "1.0.0",
      "source": "builtin"
    },
    "com.unity.modules.unitywebrequestassetbundle@1.0.0": {
      "name": "com.unity.modules.unitywebrequestassetbundle",
      "resolvedPath": "C:\\Users\\lenovo\\Downloads\\tes-happy-car.apk (Unzipped Files)-20241222T144651Z-001\\tes-happy-car.apk (Unzipped Files)\\Library\\PackageCache\\com.unity.modules.unitywebrequestassetbundle",
      "version": "1.0.0",
      "source": "builtin"
    },
    "com.unity.modules.unitywebrequestaudio@1.0.0": {
      "name": "com.unity.modules.unitywebrequestaudio",
      "resolvedPath": "C:\\Users\\lenovo\\Downloads\\tes-happy-car.apk (Unzipped Files)-20241222T144651Z-001\\tes-happy-car.apk (Unzipped Files)\\Library\\PackageCache\\com.unity.modules.unitywebrequestaudio",
      "version": "1.0.0",
      "source": "builtin"
    },
    "com.unity.modules.unitywebrequesttexture@1.0.0": {
      "name": "com.unity.modules.unitywebrequesttexture",
      "resolvedPath": "C:\\Users\\lenovo\\Downloads\\tes-happy-car.apk (Unzipped Files)-20241222T144651Z-001\\tes-happy-car.apk (Unzipped Files)\\Library\\PackageCache\\com.unity.modules.unitywebrequesttexture",
      "version": "1.0.0",
      "source": "builtin"
    },
    "com.unity.modules.unitywebrequestwww@1.0.0": {
      "name": "com.unity.modules.unitywebrequestwww",
      "resolvedPath": "C:\\Users\\lenovo\\Downloads\\tes-happy-car.apk (Unzipped Files)-20241222T144651Z-001\\tes-happy-car.apk (Unzipped Files)\\Library\\PackageCache\\com.unity.modules.unitywebrequestwww",
      "version": "1.0.0",
      "source": "builtin"
    },
    "com.unity.modules.vehicles@1.0.0": {
      "name": "com.unity.modules.vehicles",
      "resolvedPath": "C:\\Users\\lenovo\\Downloads\\tes-happy-car.apk (Unzipped Files)-20241222T144651Z-001\\tes-happy-car.apk (Unzipped Files)\\Library\\PackageCache\\com.unity.modules.vehicles",
      "version": "1.0.0",
      "source": "builtin"
    },
    "com.unity.modules.video@1.0.0": {
      "name": "com.unity.modules.video",
      "resolvedPath": "C:\\Users\\lenovo\\Downloads\\tes-happy-car.apk (Unzipped Files)-20241222T144651Z-001\\tes-happy-car.apk (Unzipped Files)\\Library\\PackageCache\\com.unity.modules.video",
      "version": "1.0.0",
      "source": "builtin"
    },
    "com.unity.modules.vr@1.0.0": {
      "name": "com.unity.modules.vr",
      "resolvedPath": "C:\\Users\\lenovo\\Downloads\\tes-happy-car.apk (Unzipped Files)-20241222T144651Z-001\\tes-happy-car.apk (Unzipped Files)\\Library\\PackageCache\\com.unity.modules.vr",
      "version": "1.0.0",
      "source": "builtin"
    },
    "com.unity.modules.wind@1.0.0": {
      "name": "com.unity.modules.wind",
      "resolvedPath": "C:\\Users\\lenovo\\Downloads\\tes-happy-car.apk (Unzipped Files)-20241222T144651Z-001\\tes-happy-car.apk (Unzipped Files)\\Library\\PackageCache\\com.unity.modules.wind",
      "version": "1.0.0",
      "source": "builtin"
    },
    "com.unity.modules.xr@1.0.0": {
      "name": "com.unity.modules.xr",
      "resolvedPath": "C:\\Users\\lenovo\\Downloads\\tes-happy-car.apk (Unzipped Files)-20241222T144651Z-001\\tes-happy-car.apk (Unzipped Files)\\Library\\PackageCache\\com.unity.modules.xr",
      "version": "1.0.0",
      "source": "builtin"
    },
    "com.unity.modules.subsystems@1.0.0": {
      "name": "com.unity.modules.subsystems",
      "resolvedPath": "C:\\Users\\lenovo\\Downloads\\tes-happy-car.apk (Unzipped Files)-20241222T144651Z-001\\tes-happy-car.apk (Unzipped Files)\\Library\\PackageCache\\com.unity.modules.subsystems",
      "version": "1.0.0",
      "source": "builtin"
    },
    "com.unity.modules.hierarchycore@1.0.0": {
      "name": "com.unity.modules.hierarchycore",
      "resolvedPath": "C:\\Users\\lenovo\\Downloads\\tes-happy-car.apk (Unzipped Files)-20241222T144651Z-001\\tes-happy-car.apk (Unzipped Files)\\Library\\PackageCache\\com.unity.modules.hierarchycore",
      "version": "1.0.0",
      "source": "builtin"
    }
  }
}
